City_ID,City,Country,Date,Lat,Lng,Max Temp,Humidity,Cloudiness,Wind Speed
0,Thompson,CA,2021-01-14 23:13:44,55.7435,-97.8558,26.6,93,90,12.66
1,Qaanaaq,GL,2021-01-14 23:13:44,77.484,-69.3632,7.41,76,77,4.16
2,Lasa,IT,2021-01-14 23:13:44,46.6166,10.7002,35.01,93,90,4.61
3,Port Elizabeth,ZA,2021-01-14 23:12:12,-33.918,25.5701,68.0,100,90,8.05
4,Nome,US,2021-01-14 23:13:44,64.5011,-165.4064,15.8,79,90,3.49
5,Lagoa,PT,2021-01-14 23:13:45,39.05,-27.9833,61.95,89,93,22.82
6,Oyek,RU,2021-01-14 23:13:45,52.5861,104.4556,-11.2,77,0,4.47
7,Puerto Ayora,EC,2021-01-14 23:11:33,-0.7393,-90.3518,82.4,65,75,5.75
8,Cape Town,ZA,2021-01-14 23:13:45,-33.9258,18.4232,68.0,82,75,12.66
9,Saint-Philippe,RE,2021-01-14 23:13:45,-21.3585,55.7679,78.8,78,40,8.81
10,Honiara,SB,2021-01-14 23:13:45,-9.4333,159.95,85.59,64,81,4.54
11,Castro,BR,2021-01-14 23:13:45,-24.7911,-50.0119,65.46,88,54,10.11
12,Severo-Kurilsk,RU,2021-01-14 23:13:45,50.6789,156.125,25.63,92,100,20.18
13,Kinsale,IE,2021-01-14 23:13:45,51.7075,-8.5306,41.0,87,75,4.61
14,Bethel,US,2021-01-14 23:13:45,41.3712,-73.414,37.99,75,75,2.89
15,Albany,US,2021-01-14 23:13:45,42.6001,-73.9662,37.0,71,100,0.89
16,Spokane,US,2021-01-14 23:08:52,47.6166,-117.3677,42.8,45,90,4.18
17,Severomuysk,RU,2021-01-14 23:13:45,56.1481,113.4267,-22.38,88,100,3.65
18,Majene,ID,2021-01-14 23:13:45,-3.5403,118.9707,77.79,88,100,5.3
19,Mar Del Plata,AR,2021-01-14 23:13:45,-38.0023,-57.5575,69.8,68,0,21.85
20,Punta Arenas,CL,2021-01-14 23:13:07,-53.15,-70.9167,55.4,71,0,12.66
21,Varhaug,NO,2021-01-14 23:13:45,58.6147,5.6457,21.2,86,20,2.3
22,Ilulissat,GL,2021-01-14 23:13:46,69.2167,-51.1,19.4,86,90,5.75
23,Kavieng,PG,2021-01-14 23:13:46,-2.5744,150.7967,83.91,72,100,6.29
24,Abbotsford,CA,2021-01-14 23:13:46,49.058,-122.2526,48.2,53,75,5.75
25,Jamestown,US,2021-01-14 23:13:46,42.097,-79.2353,36.0,93,1,6.91
26,Faanui,PF,2021-01-14 23:13:46,-16.4833,-151.75,81.77,75,14,15.64
27,Sembe,CG,2021-01-14 23:13:46,1.6481,14.5806,73.0,80,76,4.81
28,Abbeville,FR,2021-01-14 23:13:46,50.1,1.8333,35.01,81,100,13.78
29,Makakilo City,US,2021-01-14 23:13:46,21.3469,-158.0858,82.4,61,1,12.66
30,Terney,RU,2021-01-14 23:13:46,45.0503,136.6092,5.2,83,98,9.64
31,Bathsheba,BB,2021-01-14 23:13:46,13.2167,-59.5167,78.8,78,20,17.27
32,Aras,ES,2021-01-14 23:13:46,42.5617,-2.356,45.0,87,75,11.5
33,Hermanus,ZA,2021-01-14 23:13:46,-34.4187,19.2345,64.0,87,0,5.99
34,Gashua,NG,2021-01-14 23:13:46,12.871,11.0482,68.32,22,6,9.42
35,Ushuaia,AR,2021-01-14 23:11:31,-54.8,-68.3,53.6,58,20,10.36
36,Port Alfred,ZA,2021-01-14 23:13:46,-33.5906,26.891,74.57,88,99,19.8
37,Carnarvon,AU,2021-01-14 23:13:46,-24.8667,113.6333,77.0,100,30,14.97
38,Fortuna,US,2021-01-14 23:13:46,40.5982,-124.1573,62.01,94,1,11.5
39,Daru,PG,2021-01-14 23:13:46,-9.0763,143.2092,81.68,81,100,9.15
40,Yellowknife,CA,2021-01-14 23:12:08,62.456,-114.3525,6.8,92,75,3.44
41,Nikolskoye,RU,2021-01-14 23:13:47,59.7035,30.7861,8.01,78,75,4.47
42,Aktash,RU,2021-01-14 23:13:47,50.3,87.7333,-24.47,82,8,2.84
43,Avarua,CK,2021-01-14 23:13:47,-21.2078,-159.775,86.0,66,40,17.27
44,Menongue,AO,2021-01-14 23:13:47,-14.6585,17.691,64.24,87,100,4.65
45,Rikitea,PF,2021-01-14 23:13:47,-23.1203,-134.9692,78.21,72,62,9.78
46,Kodiak,US,2021-01-14 23:12:41,57.79,-152.4072,39.2,93,90,25.32
47,Biak,ID,2021-01-14 23:13:47,-0.9131,122.8766,78.67,81,100,2.48
48,Bredasdorp,ZA,2021-01-14 23:13:47,-34.5322,20.0403,68.0,94,80,2.3
49,San Rafael,AR,2021-01-14 23:13:47,-34.6177,-68.3301,88.09,34,4,18.88
50,Sitka,US,2021-01-14 23:13:47,57.0531,-135.33,42.8,70,90,26.46
51,Pisco,PE,2021-01-14 23:13:47,-13.7,-76.2167,71.6,78,0,21.85
52,Sciacca,IT,2021-01-14 23:13:47,37.5082,13.0881,46.99,97,85,5.01
53,Atuona,PF,2021-01-14 23:13:47,-9.8,-139.0333,77.56,77,32,14.14
54,Tuktoyaktuk,CA,2021-01-14 23:13:48,69.4541,-133.0374,-7.6,77,90,10.36
55,Imatra,FI,2021-01-14 23:13:48,61.1719,28.7524,1.35,93,70,10.22
56,Lompoc,US,2021-01-14 23:13:48,34.6391,-120.4579,75.0,40,1,17.27
57,Bluff,NZ,2021-01-14 23:13:48,-46.6,168.3333,73.0,64,17,3.0
58,Deputatskiy,RU,2021-01-14 23:13:48,69.3,139.9,-17.9,90,100,3.38
59,Saskylakh,RU,2021-01-14 23:13:48,71.9167,114.0833,-46.98,76,47,2.08
60,Makinsk,KZ,2021-01-14 23:13:48,52.6292,70.4169,-10.57,82,14,7.18
61,Kodino,RU,2021-01-14 23:13:48,63.7198,39.6447,-19.66,87,58,3.85
62,Tadine,NC,2021-01-14 23:13:48,-21.55,167.8833,76.95,94,100,3.67
63,Rio Gallegos,AR,2021-01-14 23:11:03,-51.6226,-69.2181,66.2,45,75,8.05
64,Karratha,AU,2021-01-14 23:13:48,-20.7377,116.8463,94.6,37,40,6.26
65,Bandarbeyla,SO,2021-01-14 23:13:48,9.4942,50.8122,73.42,76,17,15.08
66,Khatanga,RU,2021-01-14 23:13:48,71.9667,102.5,-50.98,76,52,2.42
67,Arraial Do Cabo,BR,2021-01-14 23:11:51,-22.9661,-42.0278,77.0,83,0,14.97
68,Busselton,AU,2021-01-14 23:13:48,-33.65,115.3333,63.0,71,31,7.0
69,Panormos,GR,2021-01-14 23:13:48,35.4182,24.6909,48.2,61,20,10.36
70,Namibe,AO,2021-01-14 23:13:48,-15.1961,12.1522,72.5,70,37,4.88
71,Havre-Saint-Pierre,CA,2021-01-14 23:13:48,50.2334,-63.5986,24.8,93,90,3.24
72,Carrboro,US,2021-01-14 23:13:49,35.9101,-79.0753,48.0,76,0,4.09
73,Boca Raton,US,2021-01-14 23:11:07,26.3587,-80.0831,66.99,63,75,6.76
74,Kulhudhuffushi,MV,2021-01-14 23:13:49,6.6221,73.07,80.91,77,53,6.58
75,Mataura,NZ,2021-01-14 23:13:49,-46.1927,168.8643,73.0,64,31,3.0
76,Rawson,AR,2021-01-14 23:13:49,-43.3002,-65.1023,76.42,46,100,13.89
77,Champerico,GT,2021-01-14 23:13:49,14.3,-91.9167,84.2,74,40,9.22
78,Poum,NC,2021-01-14 23:13:49,-20.2333,164.0167,78.73,87,97,6.24
79,Mogadishu,SO,2021-01-14 23:13:49,2.0371,45.3438,76.77,84,25,17.67
80,Lunenburg,CA,2021-01-14 23:13:49,44.3835,-64.3155,37.4,100,100,2.3
81,Coahuayana,MX,2021-01-14 23:13:49,18.7333,-103.6833,78.8,44,90,5.21
82,Hay River,CA,2021-01-14 23:13:49,60.8156,-115.7999,10.4,85,20,0.87
83,San Jeronimo,PE,2021-01-14 23:13:49,-11.9472,-75.2829,57.15,66,97,3.51
84,Tammisaari,FI,2021-01-14 23:13:49,59.9736,23.4339,8.49,93,65,10.04
85,Sao Filipe,CV,2021-01-14 23:13:49,14.8961,-24.4956,73.58,70,100,14.92
86,Paka,MY,2021-01-14 23:13:49,4.6374,103.4368,71.6,94,100,2.3
87,Isiro,CD,2021-01-14 23:13:49,2.7739,27.616,68.88,85,82,4.09
88,Dwarka,IN,2021-01-14 23:13:49,22.2394,68.9678,67.71,45,0,10.38
89,Nanortalik,GL,2021-01-14 23:13:49,60.1432,-45.2371,23.16,93,97,4.34
90,Pevek,RU,2021-01-14 23:13:49,69.7008,170.3133,-18.17,89,82,3.33
91,Cepu,ID,2021-01-14 23:13:50,-7.1475,111.5906,74.25,90,100,4.88
92,Coquimbo,CL,2021-01-14 23:13:04,-29.9533,-71.3436,62.6,72,0,11.5
93,Ribeira Grande,PT,2021-01-14 23:13:50,38.5167,-28.7,62.6,94,75,20.71
94,Fort Nelson,CA,2021-01-14 23:13:29,58.8053,-122.7002,17.6,67,75,2.3
95,Kapaa,US,2021-01-14 23:13:50,22.0752,-159.319,78.8,73,20,8.05
96,Nipawin,CA,2021-01-14 23:13:50,53.3668,-104.0009,24.8,80,90,20.71
97,Alice Springs,AU,2021-01-14 23:13:50,-23.7,133.8833,86.0,26,0,19.57
98,Te Anau,NZ,2021-01-14 23:13:50,-45.4167,167.7167,71.71,47,30,2.8
99,Usak,TR,2021-01-14 23:13:50,38.5,29.4167,31.17,96,20,5.32
100,Wanning,CN,2021-01-14 23:13:50,18.8003,110.3967,59.7,84,39,5.59
101,Tasiilaq,GL,2021-01-14 23:13:50,65.6145,-37.6368,37.4,75,75,12.66
102,Santa Cruz De La Palma,ES,2021-01-14 23:13:50,28.6835,-17.7642,64.4,55,75,16.11
103,Upernavik,GL,2021-01-14 23:13:50,72.7868,-56.1549,18.39,96,100,1.9
104,Ostrovnoy,RU,2021-01-14 23:13:50,68.0531,39.5131,-1.01,92,60,20.62
105,Aripuana,BR,2021-01-14 23:13:50,-9.1667,-60.6333,75.61,97,100,2.57
106,Vaini,TO,2021-01-14 23:13:50,-21.2,-175.2,84.2,84,20,10.36
107,Husavik,IS,2021-01-14 23:13:50,66.0449,-17.3389,37.4,70,0,2.3
108,Dikson,RU,2021-01-14 23:13:50,73.5069,80.5464,-28.86,80,0,5.48
109,Verkhnevilyuysk,RU,2021-01-14 23:13:51,63.4453,120.3167,-19.79,87,100,6.26
110,Paoua,CF,2021-01-14 23:13:51,7.2427,16.4406,69.1,23,17,4.23
111,Kodinsk,RU,2021-01-14 23:13:51,58.6881,99.1844,0.59,90,100,13.96
112,New Norfolk,AU,2021-01-14 23:13:51,-42.7826,147.0587,57.2,58,75,6.91
113,Cidreira,BR,2021-01-14 23:13:51,-30.1811,-50.2056,71.91,74,88,19.46
114,Vaitape,PF,2021-01-14 23:13:51,-16.5167,-151.75,81.61,74,6,15.55
115,Barrow,US,2021-01-14 23:13:51,71.2906,-156.7887,-11.2,77,1,13.8
116,Port Hardy,CA,2021-01-14 23:13:51,50.6996,-127.4199,48.2,71,75,31.07
117,Maua,BR,2021-01-14 23:13:51,-23.6678,-46.4614,71.01,83,90,9.22
118,Souillac,MU,2021-01-14 23:13:51,-20.5167,57.5167,77.0,94,40,1.14
119,Yerbogachen,RU,2021-01-14 23:13:51,61.2767,108.0108,-18.42,86,100,10.16
120,Fallon,US,2021-01-14 23:13:51,39.4735,-118.7774,55.4,41,75,5.75
121,Kokopo,PG,2021-01-14 23:13:51,-4.352,152.2633,83.14,69,98,4.32
122,Tura,IN,2021-01-14 23:13:51,25.5198,90.2201,55.78,58,5,3.13
123,Tiksi,RU,2021-01-14 23:13:51,71.6872,128.8694,-30.75,84,99,3.06
124,Staryy Nadym,RU,2021-01-14 23:13:51,65.6118,72.6842,-8.39,86,100,9.17
125,Kudahuvadhoo,MV,2021-01-14 23:13:51,2.6708,72.8944,81.28,77,88,11.23
126,Pacasmayo,PE,2021-01-14 23:13:52,-7.4006,-79.5714,73.17,73,73,14.38
127,Pacifica,US,2021-01-14 23:13:52,37.6138,-122.4869,66.99,72,40,6.85
128,Tosya,TR,2021-01-14 23:10:27,41.0155,34.0401,27.43,92,69,2.73
129,Hambantota,LK,2021-01-14 23:13:52,6.1241,81.1185,76.68,84,100,6.15
130,Healdsburg,US,2021-01-14 23:12:09,38.6105,-122.8692,71.01,68,20,3.44
131,Rognan,NO,2021-01-14 23:13:52,67.0953,15.3878,28.99,86,100,3.0
132,Dzhida,RU,2021-01-14 23:13:52,50.6772,106.1806,-11.13,82,80,5.5
133,Labuhan,ID,2021-01-14 23:13:52,-6.8844,112.2051,77.13,85,100,9.98
134,North Myrtle Beach,US,2021-01-14 23:13:52,33.816,-78.68,52.0,87,1,4.61
135,Tahta,EG,2021-01-14 23:13:52,26.7693,31.5021,53.6,50,0,5.75
136,Zarubino,RU,2021-01-14 23:13:52,42.63,131.0922,20.73,97,100,14.03
137,Kautokeino,NO,2021-01-14 23:13:52,69.0125,23.0412,24.12,93,100,10.0
138,Hobart,AU,2021-01-14 23:12:53,-42.8794,147.3294,57.2,58,75,6.91
139,Ossora,RU,2021-01-14 23:13:52,59.2353,163.0719,-12.08,85,51,5.14
140,Biscarrosse,FR,2021-01-14 23:13:52,44.3945,-1.1672,50.0,87,90,6.91
141,Haines Junction,CA,2021-01-14 23:13:52,60.7522,-137.5108,14.0,92,100,1.14
142,Meulaboh,ID,2021-01-14 23:13:52,4.1363,96.1285,75.72,81,100,2.93
143,Entre Rios,BR,2021-01-14 23:13:53,-11.9419,-38.0844,72.64,88,25,4.7
144,Itacoatiara,BR,2021-01-14 23:13:53,-3.1431,-58.4442,76.8,93,100,1.59
145,Lavrentiya,RU,2021-01-14 23:13:53,65.5833,-171.0,3.99,92,99,5.61
146,Esperance,AU,2021-01-14 23:13:53,-33.8667,121.9,59.0,82,90,12.66
147,Millau,FR,2021-01-14 23:13:53,44.0833,2.9167,48.99,93,90,23.02
148,Lasem,ID,2021-01-14 23:13:53,-6.6922,111.4527,76.53,88,100,8.61
149,Ranong,TH,2021-01-14 23:13:29,9.9658,98.6348,70.03,82,91,4.61
150,Juneau,US,2021-01-14 23:13:53,58.3019,-134.4197,37.4,75,90,14.97
151,Flin Flon,CA,2021-01-14 23:13:53,54.7682,-101.865,26.6,93,90,21.85
152,General Roca,AR,2021-01-14 23:13:53,-39.0333,-67.5833,86.0,42,40,4.61
153,Eravur,LK,2021-01-14 23:13:53,7.7733,81.6095,77.85,85,100,0.85
154,Port Blair,IN,2021-01-14 23:13:53,11.6667,92.75,76.98,81,70,11.32
155,Hobyo,SO,2021-01-14 23:13:53,5.3505,48.5268,75.92,80,15,18.41
156,Hilo,US,2021-01-14 23:13:53,19.7297,-155.09,84.2,51,40,9.22
157,San Patricio,US,2021-01-14 23:13:53,28.017,-97.5169,78.8,19,1,11.5
158,Longyearbyen,SJ,2021-01-14 23:13:53,78.2186,15.6401,23.0,93,75,9.22
159,Sao Joao Da Barra,BR,2021-01-14 23:13:53,-21.6403,-41.0511,78.8,73,0,16.11
160,Yulara,AU,2021-01-14 23:13:54,-25.2406,130.9889,84.2,28,66,13.8
161,Andenes,NO,2021-01-14 23:13:54,69.3143,16.1194,37.4,81,90,16.11
162,Taguatinga,BR,2021-01-14 23:13:54,-12.3857,-46.5711,75.04,82,100,5.03
163,Port Alberni,CA,2021-01-14 23:13:54,49.2413,-124.8028,46.0,86,100,2.64
164,Lebu,CL,2021-01-14 23:13:54,-37.6167,-73.65,58.82,70,64,8.86
165,Hualmay,PE,2021-01-14 23:13:54,-11.0964,-77.6139,71.96,80,100,9.13
166,Elbeuf,FR,2021-01-14 23:13:54,49.2867,1.0029,39.0,93,90,17.27
167,Vao,NC,2021-01-14 23:13:54,-22.6667,167.4833,76.89,93,100,14.65
168,Banda Aceh,ID,2021-01-14 23:13:54,5.5577,95.3222,76.86,85,93,10.09
169,Kamenka,RU,2021-01-14 23:13:54,51.3223,42.7678,9.81,96,71,4.34
170,Praya,CV,2021-01-14 23:13:54,14.9215,-23.5087,71.6,73,75,18.41
171,Dunmore Town,BS,2021-01-14 23:13:54,25.5,-76.65,72.46,83,69,9.42
172,Jiuquan,CN,2021-01-14 23:13:54,39.7432,98.5174,15.01,95,100,5.88
173,Syedove,UA,2021-01-14 23:13:54,47.0768,38.156,28.0,53,97,8.99
174,Pirae,PF,2021-01-14 23:13:54,-17.5167,-149.5333,87.8,66,40,8.05
175,Georgetown,MY,2021-01-14 23:13:54,5.4112,100.3354,77.0,88,20,1.14
176,East London,ZA,2021-01-14 23:13:54,-33.0153,27.9116,75.38,90,99,7.78
177,Tual,ID,2021-01-14 23:09:27,-5.6667,132.75,84.61,74,100,10.87
178,Kruisfontein,ZA,2021-01-14 23:13:55,-34.0033,24.7314,72.0,90,81,1.01
179,Cherskiy,RU,2021-01-14 23:13:55,68.75,161.3,-24.38,84,96,5.93
180,Touros,BR,2021-01-14 23:13:55,-5.1989,-35.4608,80.6,74,20,11.5
181,Abu Kamal,SY,2021-01-14 23:13:55,34.4506,40.9171,54.99,65,28,9.31
182,Baie-Comeau,CA,2021-01-14 23:13:55,49.2168,-68.1489,28.4,100,90,1.19
183,Airai,TL,2021-01-14 23:13:55,-8.9266,125.4092,66.33,100,53,0.51
184,Shihezi,CN,2021-01-14 23:13:55,44.3,86.0333,0.81,93,96,0.96
185,Guerrero Negro,MX,2021-01-14 23:13:55,27.9769,-114.0611,76.03,18,0,9.62
186,Salalah,OM,2021-01-14 23:13:55,17.0151,54.0924,75.2,13,0,5.75
187,Kemijarvi,FI,2021-01-14 23:13:55,66.7131,27.4306,2.57,93,99,2.62
188,Necochea,AR,2021-01-14 23:13:55,-38.5473,-58.7368,71.01,59,19,20.49
189,Ponta Do Sol,PT,2021-01-14 23:13:55,32.6667,-17.1,57.2,58,40,13.8
190,Vila Franca Do Campo,PT,2021-01-14 23:13:55,37.7167,-25.4333,61.0,94,40,11.5
191,Cap Malheureux,MU,2021-01-14 23:13:55,-19.9842,57.6142,75.99,85,33,3.0
192,Kununurra,AU,2021-01-14 23:13:55,-15.7667,128.7333,82.4,89,79,2.3
193,Hithadhoo,MV,2021-01-14 23:13:55,-0.6,73.0833,81.55,78,100,17.36
194,Darhan,MN,2021-01-14 23:13:55,49.4867,105.9228,-11.65,84,46,5.21
195,Samarai,PG,2021-01-14 23:13:55,-10.6167,150.6667,80.08,86,100,12.06
196,Havelock,US,2021-01-14 23:13:56,34.8791,-76.9013,48.0,93,1,3.6
197,Mutoko,ZW,2021-01-14 23:13:56,-17.397,32.2268,65.05,100,100,5.35
198,Camacha,PT,2021-01-14 23:13:56,33.0833,-16.3333,55.4,67,40,8.05
199,Victoria,HK,2021-01-14 23:13:56,22.2855,114.1577,60.01,59,0,8.39
200,Aykhal,RU,2021-01-14 23:13:56,66.0,111.5,-26.21,83,100,14.58
201,Helong,CN,2021-01-14 23:13:56,42.5397,128.9972,11.41,92,100,1.63
202,Evensk,RU,2021-01-14 23:13:56,61.95,159.2333,-24.27,74,0,8.32
203,Jalingo,NG,2021-01-14 23:13:56,8.8833,11.3667,73.58,19,30,3.11
204,Dunedin,NZ,2021-01-14 23:13:56,-45.8742,170.5036,66.52,70,59,8.08
205,Olavarria,AR,2021-01-14 23:13:56,-36.8927,-60.3225,77.0,36,0,8.99
206,Vila Velha,BR,2021-01-14 23:10:31,-20.3297,-40.2925,78.8,78,20,5.75
207,Powell,US,2021-01-14 23:09:24,40.1578,-83.0752,44.6,61,1,6.91
208,Kazachinskoye,RU,2021-01-14 23:13:56,57.6953,93.2761,-4.0,89,100,12.88
209,Ola,RU,2021-01-14 23:13:56,59.5833,151.2833,-19.59,78,0,7.34
210,Askim,NO,2021-01-14 23:13:56,59.5833,11.1629,21.2,86,90,3.44
211,Atambua,ID,2021-01-14 23:13:57,-9.1061,124.8925,78.04,84,94,1.41
212,Saint George,US,2021-01-14 23:13:57,37.1041,-113.5841,63.0,23,1,4.61
213,Talnakh,RU,2021-01-14 23:13:57,69.4865,88.3972,-41.84,79,30,1.14
214,Biarritz,FR,2021-01-14 23:10:08,43.4801,-1.5556,53.6,82,75,9.22
215,Sinegorskiy,RU,2021-01-14 23:13:57,48.0139,40.8447,27.48,94,99,7.78
216,Komsomolskiy,UZ,2021-01-14 23:13:57,40.4272,71.7189,30.2,74,0,4.61
217,Arshan,RU,2021-01-14 23:13:57,46.2732,44.22,30.2,100,73,6.71
218,Chokurdakh,RU,2021-01-14 23:13:57,70.6333,147.9167,-19.32,89,96,8.32
219,Moa,CU,2021-01-14 23:13:57,20.6569,-74.9403,76.14,73,73,4.29
220,Kirn,DE,2021-01-14 23:13:57,49.7833,7.45,32.0,84,100,5.01
221,Hamilton,US,2021-01-14 23:13:57,39.1834,-84.5333,48.2,53,20,4.61
222,Yadrin,RU,2021-01-14 23:13:57,55.9405,46.2062,10.74,95,100,6.73
223,Ulaangom,MN,2021-01-14 23:12:11,49.9811,92.0667,-15.02,81,18,1.41
224,Bagdarin,RU,2021-01-14 23:13:57,54.4333,113.6,-16.69,79,92,1.88
225,Narsaq,GL,2021-01-14 23:13:57,60.9167,-46.05,21.2,68,75,9.22
226,Presidente Medici,BR,2021-01-14 23:12:29,-11.1753,-61.9014,75.78,94,96,4.9
227,Vallenar,CL,2021-01-14 23:09:00,-28.5708,-70.7581,76.77,40,0,4.83
228,Urumqi,CN,2021-01-14 23:13:57,43.801,87.6005,5.0,92,40,2.73
229,Muzhi,RU,2021-01-14 23:13:57,65.3667,64.6667,-6.34,86,99,5.1
230,Pitimbu,BR,2021-01-14 23:13:57,-7.4706,-34.8086,78.8,83,20,6.91
231,Kendari,ID,2021-01-14 23:13:57,-3.945,122.4989,77.38,92,84,3.04
232,Kalmar,SE,2021-01-14 23:09:36,56.6616,16.3616,26.01,86,75,12.66
233,Peleduy,RU,2021-01-14 23:13:58,59.6289,112.7406,-1.39,89,100,12.06
234,Torbay,CA,2021-01-14 23:13:58,47.6666,-52.7314,34.0,100,90,3.44
235,Sena Madureira,BR,2021-01-14 23:13:58,-9.0656,-68.6569,73.17,98,100,1.36
236,Xining,CN,2021-01-14 23:13:58,36.6167,101.7667,20.64,74,74,1.23
237,Bilibino,RU,2021-01-14 23:13:58,68.0546,166.4372,-23.21,83,97,0.96
238,Wajir,KE,2021-01-14 23:13:58,1.7471,40.0573,77.56,61,45,15.59
239,Porto Novo,BJ,2021-01-14 23:13:58,6.4965,2.6036,79.84,81,0,7.67
240,Ambon,ID,2021-01-14 23:13:58,-3.6954,128.1814,81.0,89,40,4.61
241,Lukovetskiy,RU,2021-01-14 23:13:58,64.2956,41.9211,-31.0,75,0,4.05
242,Winchester,GB,2021-01-14 23:13:58,51.0651,-1.3187,39.0,87,75,9.22
243,Broken Hill,AU,2021-01-14 23:13:58,-31.95,141.4333,59.0,51,5,21.85
244,Sungairaya,ID,2021-01-14 23:11:14,0.7,108.9,74.95,90,100,3.24
245,Banyo,CM,2021-01-14 23:13:58,6.75,11.8167,64.11,28,5,5.55
246,Yei,SS,2021-01-14 23:13:58,4.095,30.6779,76.03,25,93,0.67
247,Pistoia,IT,2021-01-14 23:13:58,43.9667,10.8333,45.0,71,77,8.7
248,Hasaki,JP,2021-01-14 23:13:58,35.7333,140.8333,41.0,75,75,4.61
249,Allapalli,IN,2021-01-14 23:13:58,19.4167,80.0667,58.37,42,0,1.72
250,Kupang,ID,2021-01-14 23:13:58,-10.1667,123.5833,82.6,77,100,1.39
251,Jakar,BT,2021-01-14 23:13:59,27.5492,90.7525,36.54,76,53,0.94
252,Salinopolis,BR,2021-01-14 23:11:02,-0.6136,-47.3561,79.81,82,46,12.77
253,Kirovskiy,RU,2021-01-14 23:13:59,45.0917,133.5136,0.99,91,99,4.7
254,Aldan,RU,2021-01-14 23:13:59,58.6031,125.3894,-17.7,86,99,5.3
255,Umm Kaddadah,SD,2021-01-14 23:13:59,13.6017,26.6876,67.28,25,0,16.78
256,Nioro,GM,2021-01-14 23:13:59,13.35,-15.75,78.04,16,11,7.99
257,Praia Da Vitoria,PT,2021-01-14 23:13:59,38.7333,-27.0667,62.6,88,75,23.94
258,Olga,RU,2021-01-14 23:13:59,43.7444,135.2892,8.08,81,94,3.33
259,Anadyr,RU,2021-01-14 23:13:59,64.75,177.4833,-9.4,77,94,4.47
260,Alushta,UA,2021-01-14 23:13:59,44.6667,34.4167,37.81,76,100,4.79
261,Zhigalovo,RU,2021-01-14 23:13:59,54.8097,105.1578,1.56,90,100,7.02
262,Faya,SA,2021-01-14 23:13:59,18.3851,42.4509,48.2,87,0,3.56
263,Dyurtyuli,RU,2021-01-14 23:13:59,55.4911,54.8688,16.93,94,100,13.85
264,Santiago De Cao,PE,2021-01-14 23:13:59,-7.9589,-79.2392,71.13,81,100,12.77
265,Port Hedland,AU,2021-01-14 23:13:59,-20.3167,118.5667,87.8,89,40,8.05
266,Kizilskoye,RU,2021-01-14 23:13:59,52.7255,58.8937,-1.3,91,100,5.21
267,Ancud,CL,2021-01-14 23:13:59,-41.8697,-73.8203,51.8,93,90,9.22
268,Lethem,GY,2021-01-14 23:14:00,3.3803,-59.7968,81.3,66,86,10.25
269,Salinas,US,2021-01-14 23:12:29,36.6777,-121.6555,78.8,31,1,5.75
270,Rio Verde De Mato Grosso,BR,2021-01-14 23:14:00,-18.9181,-54.8442,77.04,79,66,3.47
271,Kuching,MY,2021-01-14 23:14:00,1.55,110.3333,75.2,94,40,2.3
272,Warrnambool,AU,2021-01-14 23:14:00,-38.3833,142.4833,57.99,71,56,8.99
273,Mazyr,BY,2021-01-14 23:14:00,52.0495,29.2456,9.41,95,100,9.35
274,Batemans Bay,AU,2021-01-14 23:14:00,-35.7167,150.1833,72.0,65,48,1.99
275,Sola,VU,2021-01-14 23:14:00,-13.8833,167.55,83.12,78,63,9.1
276,Darnah,LY,2021-01-14 23:14:00,32.767,22.6367,55.35,74,0,14.0
277,Cabo San Lucas,MX,2021-01-14 23:14:00,22.8909,-109.9124,75.2,27,20,4.61
278,Qaqortoq,GL,2021-01-14 23:14:00,60.7167,-46.0333,21.2,68,75,9.22
279,Gejiu,CN,2021-01-14 23:14:00,23.306,103.1635,35.76,100,96,0.56
280,Dolores,AR,2021-01-14 23:14:00,-36.3132,-57.6792,68.14,56,0,13.29
281,Chabahar,IR,2021-01-14 23:14:00,25.2919,60.643,65.91,48,0,1.54
282,Matamoros,MX,2021-01-14 23:14:00,25.5333,-103.25,71.6,13,1,4.32
283,Saldanha,ZA,2021-01-14 23:14:00,-33.0117,17.9442,66.49,93,26,6.96
284,Adrar,MR,2021-01-14 23:14:00,20.5022,-10.0711,61.36,26,92,13.51
285,Mchinji,MW,2021-01-14 23:14:01,-13.7984,32.8802,65.62,93,100,2.3
286,Alta Floresta,BR,2021-01-14 23:14:01,-9.8756,-56.0861,77.0,94,90,1.14
287,Mananara,MG,2021-01-14 23:14:01,-16.1667,49.7667,76.8,86,97,3.4
288,Ust-Koksa,RU,2021-01-14 23:14:01,50.2696,85.6108,-14.94,78,0,0.63
289,Leningradskiy,RU,2021-01-14 23:14:01,69.3833,178.4167,-3.35,91,100,9.66
290,Saint-Pierre,RE,2021-01-14 23:14:01,-21.3393,55.4781,78.8,78,40,7.65
291,Grand Gaube,MU,2021-01-14 23:14:01,-20.0064,57.6608,75.99,85,46,3.0
292,Kutum,SD,2021-01-14 23:14:01,14.2,24.6667,56.77,34,0,10.13
293,Sheridan,US,2021-01-14 23:14:01,44.8333,-106.9173,34.0,29,90,27.63
294,Butaritari,KI,2021-01-14 23:14:01,3.0707,172.7902,80.85,76,9,21.5
295,Beira,MZ,2021-01-14 23:14:01,-19.8436,34.8389,80.6,94,75,2.3
296,Nelson Bay,AU,2021-01-14 23:14:02,-32.7167,152.15,75.99,73,75,9.22
297,Kaitangata,NZ,2021-01-14 23:14:02,-46.2817,169.8464,66.0,75,98,5.99
298,Huarmey,PE,2021-01-14 23:14:02,-10.0681,-78.1522,72.25,77,91,8.43
299,Kavaratti,IN,2021-01-14 23:14:02,10.5669,72.642,82.38,71,95,6.15
300,Viransehir,TR,2021-01-14 23:14:02,37.2353,39.7631,45.18,92,100,4.63
301,Veinticinco De Mayo,AR,2021-01-14 23:14:02,-35.4323,-60.1727,81.0,51,0,3.0
302,Kondinskoye,RU,2021-01-14 23:14:02,59.6481,67.41,-10.5,87,100,9.46
303,Ketchikan,US,2021-01-14 23:14:02,55.3422,-131.6461,41.0,93,90,19.57
304,Atherton,GB,2021-01-14 23:14:02,53.5237,-2.4935,35.01,87,97,1.01
305,Goure,NE,2021-01-14 23:14:02,13.9835,10.2704,65.7,25,0,8.81
306,Maceio,BR,2021-01-14 23:13:13,-9.6658,-35.7353,77.0,83,0,8.05
307,Samarinda,ID,2021-01-14 23:14:03,-0.5,117.15,73.74,93,100,1.61
308,Kangaatsiaq,GL,2021-01-14 23:14:03,68.3065,-53.4641,15.31,96,100,3.85
309,Jardim,BR,2021-01-14 23:14:03,-21.4803,-56.1381,76.64,91,100,3.2
310,Russell,US,2021-01-14 23:14:03,32.3502,-85.1999,55.4,44,1,9.22
311,Tateyama,JP,2021-01-14 23:14:03,34.9833,139.8667,46.0,76,75,9.22
312,Bayir,TR,2021-01-14 23:14:03,37.2687,28.2167,39.2,93,20,3.44
313,Ahipara,NZ,2021-01-14 23:14:03,-35.1667,173.1667,72.55,58,1,6.11
314,Tautira,PF,2021-01-14 23:14:03,-17.7333,-149.15,87.8,66,40,8.05
315,San Quintin,MX,2021-01-14 23:14:03,30.4833,-115.95,69.89,33,0,6.87
316,Quatre Cocos,MU,2021-01-14 23:14:03,-20.2078,57.7625,77.0,94,40,1.14
317,Burnie,AU,2021-01-14 23:14:03,-41.0667,145.9167,50.43,80,89,1.92
318,Kamenskiy,RU,2021-01-14 23:14:03,50.8855,45.488,21.4,97,100,1.72
319,Muyezerskiy,RU,2021-01-14 23:14:03,63.9333,31.65,-16.28,88,0,2.64
320,Provideniya,RU,2021-01-14 23:14:03,64.3833,-173.3,10.4,85,90,8.95
321,Dingle,PH,2021-01-14 23:14:03,10.9995,122.6711,75.07,91,23,6.08
322,Tiznit,MA,2021-01-14 23:14:03,29.5833,-9.5,49.32,67,4,1.59
323,Ayan,RU,2021-01-14 23:14:03,56.45,138.1667,-16.08,77,0,6.67
324,Bogorodskoye,RU,2021-01-14 23:14:03,56.55,37.8833,-4.05,92,100,5.53
325,Petropavlovsk-Kamchatskiy,RU,2021-01-14 23:14:04,53.0452,158.6483,5.0,66,100,11.18
326,Katherine,AU,2021-01-14 23:14:04,-14.4667,132.2667,80.6,83,90,5.75
327,Norman Wells,CA,2021-01-14 23:14:04,65.282,-126.8329,1.4,78,40,3.44
328,Jaciara,BR,2021-01-14 23:11:43,-15.9653,-54.9683,76.95,77,95,2.66
329,Motygino,RU,2021-01-14 23:14:04,58.1831,94.7592,0.25,90,100,13.49
330,Sanghar,PK,2021-01-14 23:14:04,26.0466,68.9481,48.2,87,47,4.61
331,Hokitika,NZ,2021-01-14 23:14:04,-42.7167,170.9667,66.85,75,62,6.29
332,Marawi,PH,2021-01-14 23:14:04,7.9986,124.2928,75.0,95,73,3.0
333,Bengkulu,ID,2021-01-14 23:14:04,-3.8004,102.2655,75.02,82,68,3.78
334,Jinka,ET,2021-01-14 23:14:04,5.65,36.65,66.92,49,0,1.57
335,Longyan,CN,2021-01-14 23:14:04,25.1072,117.0225,43.0,64,1,1.01
336,Bambous Virieux,MU,2021-01-14 23:14:04,-20.3428,57.7575,77.0,94,40,1.14
337,Sisimiut,GL,2021-01-14 23:14:04,66.9395,-53.6735,9.86,92,81,5.03
338,Suhut,TR,2021-01-14 23:14:05,38.5311,30.5458,29.5,95,7,6.11
339,Iqaluit,CA,2021-01-14 23:14:05,63.7506,-68.5145,-13.0,77,20,5.75
340,Pierre,US,2021-01-14 23:14:02,44.3683,-100.351,37.4,38,90,39.12
341,Lorengau,PG,2021-01-14 23:14:05,-2.0226,147.2712,85.17,66,100,8.79
342,Abu Dhabi,AE,2021-01-14 23:14:05,24.4667,54.3667,60.8,82,0,2.3
343,Sangar,RU,2021-01-14 23:14:05,63.9242,127.4739,-45.42,75,29,5.84
344,Chuy,UY,2021-01-14 23:14:05,-33.6971,-53.4616,66.51,66,0,11.54
345,Grande Prairie,CA,2021-01-14 23:14:05,55.1667,-118.8027,23.0,68,75,2.3
346,Skreia,NO,2021-01-14 23:14:05,60.65,10.9333,10.4,92,0,4.61
347,Bedesa,ET,2021-01-14 23:14:05,8.9,40.7833,60.44,43,44,0.65
348,Beloha,MG,2021-01-14 23:14:05,-25.1667,45.05,75.11,90,13,9.17
349,Vikulovo,RU,2021-01-14 23:14:05,56.8167,70.6107,-16.38,85,48,7.2
350,Lucea,JM,2021-01-14 23:14:05,18.451,-78.1736,80.6,78,75,17.27
351,Okhotsk,RU,2021-01-14 23:14:05,59.3833,143.3,-17.55,76,42,9.55
352,Wadi Musa,JO,2021-01-14 23:14:05,30.3222,35.4793,41.99,87,86,17.83
353,Katsuura,JP,2021-01-14 23:12:13,35.1333,140.3,46.0,76,75,9.22
354,Poya,NC,2021-01-14 23:14:05,-21.35,165.15,80.85,84,100,2.64
355,Moussoro,TD,2021-01-14 23:14:05,13.6408,16.4901,68.7,27,4,13.87
356,Luderitz,NA,2021-01-14 23:14:06,-26.6481,15.1594,64.83,84,25,6.78
357,Pangody,RU,2021-01-14 23:14:06,65.85,74.4859,-8.19,89,100,8.79
358,Awjilah,LY,2021-01-14 23:14:06,29.1081,21.2869,52.84,85,0,6.26
359,Hefei,CN,2021-01-14 23:14:06,31.8639,117.2808,46.0,42,0,8.95
360,Telford,GB,2021-01-14 23:14:06,52.6766,-2.4493,35.6,93,75,5.75
361,Kothapet,IN,2021-01-14 23:14:06,19.3333,79.4833,60.73,44,0,4.79
362,Mahebourg,MU,2021-01-14 23:14:06,-20.4081,57.7,77.0,94,40,1.14
363,Sept-Iles,CA,2021-01-14 23:14:06,50.2001,-66.3821,28.4,86,92,3.44
364,Roma,US,2021-01-14 23:14:06,43.2128,-75.4557,35.6,75,90,0.67
365,Phan Thiet,VN,2021-01-14 23:14:06,10.9333,108.1,67.46,87,9,5.99
366,Sinnamary,GF,2021-01-14 23:14:06,5.3833,-52.95,76.93,87,99,12.3
367,Bambanglipuro,ID,2021-01-14 23:14:06,-7.95,110.2833,76.19,77,100,2.98
368,Nizhniy Kuranakh,RU,2021-01-14 23:14:06,58.8353,125.4869,-18.83,85,99,1.23
369,Fairbanks,US,2021-01-14 23:10:01,64.8378,-147.7164,-4.0,84,40,3.4
370,Itarema,BR,2021-01-14 23:14:06,-2.9248,-39.9167,78.87,79,22,12.15
371,Oranjemund,NA,2021-01-14 23:14:06,-28.55,16.4333,65.46,87,37,8.43
372,Huai Yot,TH,2021-01-14 23:14:06,7.7893,99.6348,71.26,87,97,4.59
373,Artesia,US,2021-01-14 23:14:06,33.8658,-118.0831,84.0,25,1,3.44
374,Vicente Guerrero,MX,2021-01-14 23:14:07,19.1194,-98.1708,64.4,45,90,12.66
375,Bonavista,CA,2021-01-14 23:14:07,48.6499,-53.1147,32.0,80,100,2.3
376,Codrington,AU,2021-01-14 23:14:07,-38.2667,141.9667,57.72,59,40,23.53
377,Vitim,RU,2021-01-14 23:14:07,59.4511,112.5578,-0.89,89,100,12.39
378,Port Macquarie,AU,2021-01-14 23:14:07,-31.4333,152.9167,84.99,55,6,1.01
379,Sakakah,SA,2021-01-14 23:12:18,29.9697,40.2064,53.6,66,0,5.75
380,Mezen,RU,2021-01-14 23:14:07,65.8522,44.24,-18.15,86,0,2.66
381,Jonkoping,SE,2021-01-14 23:14:07,57.7814,14.1562,19.4,93,75,4.61
382,Gizo,SB,2021-01-14 23:14:07,-8.103,156.8419,85.01,69,23,10.65
383,Piacabucu,BR,2021-01-14 23:14:07,-10.4056,-36.4344,79.0,78,74,13.24
384,Turukhansk,RU,2021-01-14 23:14:07,65.8167,87.9833,-40.7,81,40,2.98
385,Balikpapan,ID,2021-01-14 23:14:07,-1.2675,116.8289,74.44,92,100,7.81
386,Erenhot,CN,2021-01-14 23:14:07,43.6475,111.9767,-9.06,86,27,8.55
387,Monastyrshchina,RU,2021-01-14 23:14:07,54.3496,31.838,-2.34,92,93,4.9
388,Lodja,CD,2021-01-14 23:14:07,-3.4833,23.4333,68.86,96,100,1.63
389,Saint-Augustin,CA,2021-01-14 23:14:07,51.226,-58.6502,26.62,96,100,4.56
390,Bubaque,GW,2021-01-14 23:14:07,11.2833,-15.8333,78.31,64,16,12.48
391,Hojai,IN,2021-01-14 23:14:07,26.0,92.8667,56.16,90,49,2.89
392,Simiti,CO,2021-01-14 23:14:08,7.9579,-73.9436,84.2,59,11,0.45
393,Andra,RU,2021-01-14 23:14:08,62.5147,65.8878,-5.03,91,100,8.77
394,Ulladulla,AU,2021-01-14 23:14:08,-35.35,150.4667,73.0,68,40,2.3
395,Sao Miguel Do Araguaia,BR,2021-01-14 23:14:08,-13.275,-50.1628,75.54,85,100,4.92
396,Carutapera,BR,2021-01-14 23:14:08,-1.195,-46.02,78.94,79,68,8.88
397,Saint-Francois,FR,2021-01-14 23:14:08,46.4154,3.9054,46.4,87,90,14.97
398,Yangcun,CN,2021-01-14 23:14:08,39.3639,117.0603,32.0,64,27,4.47
399,Sur,OM,2021-01-14 23:14:08,22.5667,59.5289,64.63,68,0,2.86
400,Mosquera,CO,2021-01-14 23:14:08,4.7059,-74.2302,62.6,72,20,9.22
401,Beringovskiy,RU,2021-01-14 23:14:08,63.05,179.3167,-16.37,87,29,8.5
402,Mujiayingzi,CN,2021-01-14 23:14:08,42.1167,118.7833,-4.95,89,99,4.21
403,Eyl,SO,2021-01-14 23:14:08,7.9803,49.8164,72.63,74,3,16.02
404,Sydney,AU,2021-01-14 23:10:33,-33.8679,151.2073,80.01,73,75,8.05
405,Mapiri,BO,2021-01-14 23:14:09,-15.25,-68.1667,73.49,87,92,1.48
406,Nalut,LY,2021-01-14 23:14:09,30.3333,10.85,46.15,53,0,6.64
407,Murygino,RU,2021-01-14 23:14:09,58.7383,49.4582,11.53,95,100,8.57
408,Tupancireta,BR,2021-01-14 23:14:09,-29.0806,-53.8358,72.93,61,7,16.55
409,Grand-Santi,GF,2021-01-14 23:14:09,4.25,-54.3833,73.06,96,90,3.11
410,Tilichiki,RU,2021-01-14 23:14:09,60.4667,166.1,-24.32,85,0,7.65
411,College,US,2021-01-14 23:13:48,64.8569,-147.8028,-4.0,77,75,4.61
412,Nichinan,JP,2021-01-14 23:14:09,31.6,131.3667,39.2,93,20,9.22
413,Listvyanskiy,RU,2021-01-14 23:14:09,54.4399,83.4984,-23.46,86,91,7.29
414,Raga,SS,2021-01-14 23:14:09,8.4596,25.678,66.04,25,92,4.16
415,Saint-Leu,RE,2021-01-14 23:14:09,-21.15,55.2833,78.8,78,40,2.93
416,Ampanihy,MG,2021-01-14 23:14:09,-24.7,44.75,73.38,93,14,5.5
417,Jadu,LY,2021-01-14 23:14:09,31.953,12.0261,45.95,58,0,6.87
418,Souris,CA,2021-01-14 23:14:09,49.6172,-100.2612,28.4,80,75,28.77
419,Seguela,CI,2021-01-14 23:14:09,7.9611,-6.6731,79.02,38,8,1.34
420,Halifax,CA,2021-01-14 23:11:56,44.6453,-63.5724,37.4,100,90,2.44
421,San Andres,CO,2021-01-14 23:14:10,12.5847,-81.7006,82.4,74,40,11.5
422,Itaituba,BR,2021-01-14 23:12:31,-4.2761,-55.9836,82.4,78,75,0.65
423,Hanzhong,CN,2021-01-14 23:14:10,33.0728,107.0303,36.91,73,27,2.86
424,Broome,US,2021-01-14 23:14:10,42.2506,-75.833,36.0,86,90,3.44
425,Todos Santos,MX,2021-01-14 23:14:10,23.45,-110.2167,72.0,64,0,4.0
426,Luangwa,ZM,2021-01-14 23:14:10,-15.6167,30.4167,73.27,93,100,3.06
427,Bacolod,PH,2021-01-14 23:14:10,10.6667,122.95,77.45,87,46,7.92
428,Corowa,AU,2021-01-14 23:14:10,-36.0333,146.3833,66.99,52,0,3.0
429,Elmina,GH,2021-01-14 23:14:10,5.0898,-1.348,79.3,86,56,8.21
430,Corinto,GR,2021-01-14 23:10:02,37.9407,22.9573,46.99,62,45,1.99
431,Donskoye,RU,2021-01-14 23:14:10,45.4552,41.9741,30.2,100,90,11.18
432,Vestmannaeyjar,IS,2021-01-14 23:14:10,63.4427,-20.2734,43.9,71,96,16.2
433,Pochutla,MX,2021-01-14 23:14:10,15.7432,-96.4661,82.99,57,90,8.05
434,Luwingu,ZM,2021-01-14 23:14:10,-10.2621,29.9271,63.28,96,100,6.6
435,Agbor,NG,2021-01-14 23:14:10,6.2518,6.1934,77.18,79,0,5.64
436,Golspie,GB,2021-01-14 23:14:10,57.9727,-3.978,37.99,97,100,4.54
437,Dongsheng,CN,2021-01-14 23:14:10,39.8161,109.9776,11.66,88,54,11.92
438,Coihaique,CL,2021-01-14 23:14:10,-45.5752,-72.0662,68.0,42,0,8.05
439,Tabou,CI,2021-01-14 23:14:10,4.423,-7.3528,78.66,85,79,8.97
440,Rocha,UY,2021-01-14 23:14:11,-34.4833,-54.3333,64.56,63,0,9.13
441,Paamiut,GL,2021-01-14 23:14:11,61.994,-49.6678,22.39,90,88,10.13
442,Richards Bay,ZA,2021-01-14 23:14:11,-28.783,32.0377,75.9,81,86,9.48
443,Elat,IL,2021-01-14 23:14:11,29.5581,34.9482,59.0,55,0,3.04
444,Tiruppuvanam,IN,2021-01-14 23:14:11,9.8333,78.2667,73.36,91,91,8.88
445,Muros,ES,2021-01-14 23:14:11,42.7762,-9.0603,52.0,89,49,4.32
446,Henties Bay,NA,2021-01-14 23:14:11,-22.116,14.2845,71.01,81,99,5.12
447,San Ramon De La Nueva Oran,AR,2021-01-14 23:14:11,-23.1322,-64.326,86.0,76,18,3.53
448,Semey,KZ,2021-01-14 23:14:11,50.4111,80.2275,-22.13,83,0,5.88
449,Cabra,ES,2021-01-14 23:14:11,37.4725,-4.4421,33.8,100,43,2.57
450,Seoul,KR,2021-01-14 23:14:11,37.5683,126.9778,33.8,69,75,8.05
451,Margate,GB,2021-01-14 23:14:11,51.3813,1.3862,39.0,67,100,5.99
452,Sawtell,AU,2021-01-14 23:14:11,-30.3833,153.1,82.0,69,0,10.36
453,Agirish,RU,2021-01-14 23:14:12,61.9247,63.0231,-3.39,91,100,9.31
454,Gold Coast,AU,2021-01-14 23:14:12,-28.0,153.4333,84.99,61,0,10.36
455,Butte,US,2021-01-14 23:14:12,39.6499,-121.5677,68.0,52,1,1.32
456,Sorong,ID,2021-01-14 23:14:12,-0.8833,131.25,82.06,77,90,4.61
457,Porto Santo,PT,2021-01-14 23:14:12,33.072,-16.3415,55.4,67,40,8.05
458,Constitucion,CL,2021-01-14 23:14:12,-35.3333,-72.4167,61.7,56,5,17.22
459,Ararat,AM,2021-01-14 23:14:12,39.8317,44.7049,39.2,70,40,9.48
460,Clyde River,CA,2021-01-14 23:14:12,70.4692,-68.5914,-13.0,84,1,5.75
461,Ombessa,CM,2021-01-14 23:14:12,4.603,11.2565,71.04,90,1,4.0
462,Tshane,BW,2021-01-14 23:14:12,-24.0196,21.8684,78.15,48,6,3.2
463,Hovd,MN,2021-01-14 23:14:12,48.0056,91.6419,-3.73,72,2,5.93
464,Oktyabrskoye,RU,2021-01-14 23:14:12,43.0645,44.7417,39.2,93,86,13.42
465,Bowen,AU,2021-01-14 23:13:55,-20.0167,148.2333,78.8,73,89,11.5
466,Puri,IN,2021-01-14 23:14:12,19.8,85.85,69.8,88,20,5.64
467,Santa Rosa,PH,2021-01-14 23:11:01,14.3122,121.1114,78.8,78,75,3.44
468,Mount Gambier,AU,2021-01-14 23:14:12,-37.8333,140.7667,59.0,55,40,20.71
469,Boende,CD,2021-01-14 23:14:13,-0.2167,20.8667,74.14,87,100,2.71
470,Umm Lajj,SA,2021-01-14 23:14:13,25.0213,37.2685,68.49,52,17,11.03
471,Shira,RU,2021-01-14 23:14:13,54.4911,89.9531,-8.75,84,89,5.44
472,Atar,MR,2021-01-14 23:14:13,20.5169,-13.0499,64.54,24,93,15.03
473,Ipixuna,BR,2021-01-14 23:14:13,-1.7625,-48.8043,78.8,89,0,4.61
474,Two Hills,CA,2021-01-14 23:14:13,53.7169,-111.7518,28.4,80,0,11.5
475,Tayu,ID,2021-01-14 23:14:13,-6.5397,111.0518,77.18,87,100,9.08
476,Altamont,US,2021-01-14 23:14:13,42.2068,-121.7372,52.0,58,1,1.63
477,Kingaroy,AU,2021-01-14 23:14:13,-26.5333,151.8333,82.0,68,0,3.44
478,Olafsvik,IS,2021-01-14 23:14:13,64.8945,-23.7142,40.51,73,85,22.62
479,Konstantinovka,RU,2021-01-14 23:14:14,49.6167,127.9833,-21.64,86,1,3.06
480,Angoche,MZ,2021-01-14 23:14:14,-16.2325,39.9086,79.0,89,89,8.19
481,Hurghada,EG,2021-01-14 23:13:33,27.2574,33.8129,60.8,36,0,13.8
482,Haicheng,CN,2021-01-14 23:14:14,40.8516,122.7475,15.58,96,100,16.46
483,Shudayag,RU,2021-01-14 23:14:14,63.5266,53.6058,-3.53,91,100,5.35
484,Villa Del Rosario,CO,2021-01-14 23:14:14,7.8339,-72.4742,82.4,65,40,6.91
485,Sao Gabriel Da Cachoeira,BR,2021-01-14 23:14:14,-0.1303,-67.0892,75.61,97,81,2.28
486,Boyolangu,ID,2021-01-14 23:14:14,-8.1181,111.8935,75.83,82,100,2.71
487,Gamba,GA,2021-01-14 23:14:14,-2.65,10.0,75.9,89,18,2.37
488,Karaton,ID,2021-01-14 23:14:14,-6.3424,106.1045,80.01,83,40,5.75
489,Jonuta,MX,2021-01-14 23:14:14,18.0833,-92.1333,71.6,94,75,5.91
490,Egvekinot,RU,2021-01-14 23:14:14,66.3167,-179.1667,-6.3,92,99,7.78
491,Anchorage,US,2021-01-14 23:10:43,61.2181,-149.9003,28.4,59,1,3.44
492,Berlevag,NO,2021-01-14 23:14:14,70.8578,29.0864,33.8,80,75,13.8
493,Altus,US,2021-01-14 23:14:14,34.6381,-99.334,54.0,17,1,14.97
494,Platteville,US,2021-01-14 23:14:14,42.7342,-90.4785,34.0,100,90,5.75
495,Port Hawkesbury,CA,2021-01-14 23:10:14,45.6169,-61.3485,33.8,80,90,6.91
496,Vardo,NO,2021-01-14 23:14:14,70.3705,31.1107,26.6,86,40,11.5
497,Sibu,MY,2021-01-14 23:14:15,2.3,111.8167,75.2,100,40,2.3
498,Dickinson,US,2021-01-14 23:14:15,29.4608,-95.0513,69.8,30,1,9.22
499,Charters Towers,AU,2021-01-14 23:14:15,-20.1,146.2667,78.55,55,79,9.24
500,Borujerd,IR,2021-01-14 23:14:15,33.8973,48.7516,39.04,59,37,7.56
501,Teguldet,RU,2021-01-14 23:14:15,57.3064,88.1667,-10.28,88,100,13.27
502,Lima,PE,2021-01-14 23:11:36,-12.0432,-77.0282,69.8,78,0,9.22
503,Koslan,RU,2021-01-14 23:14:15,63.4564,48.8989,-6.54,90,100,5.7
504,Dalian,CN,2021-01-14 23:14:15,38.9122,121.6022,32.0,69,20,13.42
505,Shagonar,RU,2021-01-14 23:14:15,51.5333,92.8,-9.49,82,15,0.58
506,Lar,IN,2021-01-14 23:14:15,26.2039,83.9717,47.8,72,33,3.22
507,Colon,PA,2021-01-14 23:14:15,9.3592,-79.9014,81.0,80,72,10.0
508,Coruripe,BR,2021-01-14 23:14:15,-10.1256,-36.1756,78.8,78,79,15.08
509,Pangoa,PE,2021-01-14 23:14:15,-12.1167,-73.0,73.92,83,91,1.61
510,Walvis Bay,NA,2021-01-14 23:14:15,-22.9575,14.5053,71.01,77,69,2.3
511,Goumenissa,GR,2021-01-14 23:14:15,40.9439,22.4442,37.0,16,100,1.99
512,Mahanje,TZ,2021-01-14 23:14:15,-9.9333,35.3333,63.63,95,9,2.95
513,Santa Fe,AR,2021-01-14 23:14:15,-31.6333,-60.7,80.15,43,8,7.43
514,Amsterdam,NL,2021-01-14 23:12:06,52.374,4.8897,34.0,80,20,9.22
515,Mezhova,UA,2021-01-14 23:14:16,48.2532,36.7347,22.57,98,97,1.86
516,Chumikan,RU,2021-01-14 23:14:16,54.7183,135.315,-18.6,81,0,19.93
517,Dzerzhinsk,RU,2021-01-14 23:14:16,56.2389,43.4631,15.01,92,90,6.71
518,Starobaltachevo,RU,2021-01-14 23:14:16,56.0013,55.9213,17.73,96,100,10.67
519,San Blas,MX,2021-01-14 23:14:16,21.5167,-105.2667,78.8,41,40,8.05
520,Westport,US,2021-01-14 23:10:08,41.1415,-73.3579,41.0,81,40,2.71
521,Romita,MX,2021-01-14 23:14:16,20.8667,-101.5167,69.8,28,75,6.91
522,Birao,CF,2021-01-14 23:14:16,10.2849,22.7882,68.74,23,21,6.67
523,Kirkwood,US,2021-01-14 23:14:16,38.5834,-90.4068,41.0,90,100,3.0
524,Mahibadhoo,MV,2021-01-14 23:14:16,3.7833,72.9667,80.6,76,98,11.23
525,Baraolt,RO,2021-01-14 23:14:16,46.0751,25.6003,28.0,92,100,1.99
526,Bemidji,US,2021-01-14 23:13:57,47.4736,-94.8803,34.0,100,90,6.91
527,Nizwa,OM,2021-01-14 23:14:16,22.9333,57.5333,53.55,63,0,3.62
528,Slave Lake,CA,2021-01-14 23:14:16,55.2834,-114.769,32.0,51,1,17.27
529,Ellensburg,US,2021-01-14 23:14:16,46.9965,-120.5479,44.01,60,46,5.01
530,Kirakira,SB,2021-01-14 23:14:16,-10.4544,161.9205,84.94,65,48,7.74
531,Pauini,BR,2021-01-14 23:14:16,-7.7136,-66.9764,73.22,98,100,0.96
532,Colesberg,ZA,2021-01-14 23:14:16,-30.72,25.0972,70.05,69,49,11.65
533,Khani,GE,2021-01-14 23:14:17,41.9563,42.9566,48.2,93,90,17.27
534,Vanavara,RU,2021-01-14 23:14:17,60.34,102.2797,-17.21,85,80,7.2
535,Perth,AU,2021-01-14 23:11:27,-31.9333,115.8333,66.99,52,0,26.46
536,Sovetskaya Gavan,RU,2021-01-14 23:14:17,48.9723,140.2878,-0.56,80,0,5.3
537,Norwich,GB,2021-01-14 23:14:17,52.6278,1.2983,37.4,81,90,5.75
538,Ekhabi,RU,2021-01-14 23:14:17,53.5102,142.9671,-13.88,88,73,14.27
539,Miraflores,MX,2021-01-14 23:14:17,19.2167,-98.8083,69.8,32,90,13.8
540,Klaksvik,FO,2021-01-14 23:14:17,62.2266,-6.589,35.6,100,75,6.71
541,Kenitra,MA,2021-01-14 23:14:17,34.261,-6.5802,42.8,100,40,3.58
542,Gornoye Loo,RU,2021-01-14 23:14:17,43.7129,39.6049,48.2,93,90,11.18
543,Mahon,ES,2021-01-14 23:14:17,39.8885,4.2658,44.6,87,0,4.61
544,Seydi,TM,2021-01-14 23:14:17,39.4816,62.9137,44.64,52,0,11.65
545,Cockburn Town,TC,2021-01-14 23:14:17,21.4612,-71.1419,78.8,73,20,4.61
546,Udachnyy,RU,2021-01-14 23:14:17,66.4167,112.4,-26.81,83,100,13.35
547,Ushtobe,KZ,2021-01-14 23:14:17,45.2514,77.9838,-3.28,88,15,12.71
548,Antalaha,MG,2021-01-14 23:11:16,-14.9003,50.2788,77.11,89,80,1.95
549,Port-Gentil,GA,2021-01-14 23:14:17,-0.7193,8.7815,78.8,94,40,3.44
550,Road Town,VG,2021-01-14 23:14:17,18.4167,-64.6167,78.8,78,40,6.91
551,Batya,HU,2021-01-14 23:14:18,46.488,18.9542,29.75,93,0,10.78
552,Lalibela,ET,2021-01-14 23:14:18,12.0333,39.0333,49.82,64,0,1.72
553,Lata,PT,2021-01-14 23:14:18,40.1629,-8.3327,53.01,90,83,3.29
554,Soyo,AO,2021-01-14 23:14:18,-6.1349,12.3689,77.97,75,0,7.2
555,Takoradi,GH,2021-01-14 23:14:18,4.8845,-1.7554,79.03,87,99,8.41
556,Lugovoy,KZ,2021-01-14 23:14:18,42.9472,72.7644,22.48,89,6,4.88
557,Mount Isa,AU,2021-01-14 23:13:14,-20.7333,139.5,87.8,33,43,5.75
558,Laguna,US,2021-01-14 23:14:18,38.421,-121.4238,60.01,76,1,1.7
559,Rafaela,AR,2021-01-14 23:14:18,-31.2503,-61.4867,81.0,48,30,1.01
560,Camalu,MX,2021-01-14 23:14:18,30.85,-116.0667,71.26,29,0,4.9
561,Santander,ES,2021-01-14 23:14:18,43.4647,-3.8044,52.0,93,90,4.61
562,Harper,LR,2021-01-14 23:14:18,4.375,-7.7169,78.75,84,72,8.41
563,Masty,BY,2021-01-14 23:14:18,53.4122,24.5387,11.03,96,98,7.61
564,Flores,GT,2021-01-14 23:14:18,16.9226,-89.8994,74.28,82,96,3.67
565,Isangel,VU,2021-01-14 23:14:18,-19.55,169.2667,77.0,94,90,5.75
566,Puksoozero,RU,2021-01-14 23:14:18,62.5903,40.6066,-13.76,89,100,5.03
567,Valdivia,CL,2021-01-14 23:14:19,-39.8142,-73.2459,62.6,59,75,5.75
568,Port Lincoln,AU,2021-01-14 23:14:19,-34.7333,135.8667,59.95,58,52,19.57
569,Parker,US,2021-01-14 23:14:19,32.7668,-97.8003,57.0,22,0,11.01
